[
    {
        "name": "Los Angeles",
        "lat": 34.0522,
        "lng": -118.2437,
        "continent": "North America",
        "country": "USA",
        "state": "California",
        "post": "/posts/los-angeles/",
        "draft": true
    },
    {
        "name": "San Francisco",
        "lat": 37.7749,
        "lng": -122.4194,
        "continent": "North America",
        "country": "USA",
        "state": "California",
        "post": "/posts/san-francisco/",
        "draft": true
    },
    {
        "name": "Siskiyou County",
        "lat": 41.5912,
        "lng": -122.5407,
        "continent": "North America",
        "country": "USA",
        "state": "California",
        "post": "/posts/siskiyou-county/",
        "draft": true
    },
    {
        "name": "Alameda County",
        "lat": 37.6017,
        "lng": -121.7195,
        "continent": "North America",
        "country": "USA",
        "state": "California",
        "post": "/posts/alameda-county/",
        "draft": true
    },
    {
        "name": "Shasta County",
        "lat": 40.7909,
        "lng": -122.4179,
        "continent": "North America",
        "country": "USA",
        "state": "California",
        "post": "/posts/shasta-county/",
        "draft": true
    },
    {
        "name": "Santa Clara County",
        "lat": 37.3337,
        "lng": -121.8907,
        "continent": "North America",
        "country": "USA",
        "state": "California",
        "post": "/posts/santa-clara-county/",
        "draft": true
    },
    {
        "name": "Fresno County",
        "lat": 36.9859,
        "lng": -119.2321,
        "continent": "North America",
        "country": "USA",
        "state": "California",
        "post": "/posts/fresno-county/",
        "draft": true
    },
    {
        "name": "Napa County",
        "lat": 38.5025,
        "lng": -122.2654,
        "continent": "North America",
        "country": "USA",
        "state": "California",
        "post": "/posts/napa-county/",
        "draft": true
    },
    {
        "name": "Santa Cruz County",
        "lat": 37.0454,
        "lng": -122.0102,
        "continent": "North America",
        "country": "USA",
        "state": "California",
        "post": "/posts/santa-cruz-county/",
        "draft": true
    },
    {
        "name": "Ventura County",
        "lat": 34.3705,
        "lng": -119.1391,
        "continent": "North America",
        "country": "USA",
        "state": "California",
        "post": "/posts/ventura-county/",
        "draft": true
    },
    {
        "name": "Santa Barbara County",
        "lat": 34.4208,
        "lng": -119.6982,
        "continent": "North America",
        "country": "USA",
        "state": "California",
        "post": "/posts/santa-barbara-county/",
        "draft": true
    },
    {
        "name": "San Luis Obispo County",
        "lat": 35.3100,
        "lng": -120.4357,
        "continent": "North America",
        "country": "USA",
        "state": "California",
        "post": "/posts/san-luis-obispo-county/",
        "draft": true
    },
    {
        "name": "Monterey County",
        "lat": 36.3134,
        "lng": -121.3542,
        "continent": "North America",
        "country": "USA",
        "state": "California",
        "post": "/posts/monterey-county/",
        "draft": true
    },
    {
        "name": "San Mateo County",
        "lat": 37.4337,
        "lng": -122.4014,
        "continent": "North America",
        "country": "USA",
        "state": "California",
        "post": "/posts/san-mateo-county/",
        "draft": true
    },
    {
        "name": "Marin County",
        "lat": 38.0834,
        "lng": -122.7633,
        "continent": "North America",
        "country": "USA",
        "state": "California",
        "post": "/posts/marin-county/",
        "draft": true
    },
    {
        "name": "Sonoma County",
        "lat": 38.5780,
        "lng": -122.9888,
        "continent": "North America",
        "country": "USA",
        "state": "California",
        "post": "/posts/sonoma-county/",
        "draft": true
    },
    {
        "name": "El Dorado County",
        "lat": 38.7426,
        "lng": -120.4358,
        "continent": "North America",
        "country": "USA",
        "state": "California",
        "post": "/posts/el-dorado-county/",
        "draft": true
    },
    {
        "name": "Mariposa County",
        "lat": 37.5742,
        "lng": -119.9060,
        "continent": "North America",
        "country": "USA",
        "state": "California",
        "post": "/posts/mariposa-county/",
        "draft": true
    },
    {
        "name": "Mono County",
        "lat": 37.9219,
        "lng": -118.9529,
        "continent": "North America",
        "country": "USA",
        "state": "California",
        "post": "/posts/mono-county/",
        "draft": true
    },
    {
        "name": "Klamath County",
        "lat": 42.6959,
        "lng": -121.6142,
        "continent": "North America",
        "country": "USA",
        "state": "Oregon",
        "post": "/posts/klamath-county/",
        "draft": true
    },
    {
        "name": "Clark County",
        "lat": 36.0796,
        "lng": -115.0940,
        "continent": "North America",
        "country": "USA",
        "state": "Nevada",
        "post": "/posts/clark-county/",
        "draft": true
    },
    {
        "name": "Garfield County",
        "lat": 37.8825,
        "lng": -111.4193,
        "continent": "North America",
        "country": "USA",
        "state": "Utah",
        "post": "/posts/garfield-county/",
        "draft": true
    },
    {
        "name": "Kane County",
        "lat": 37.2544,
        "lng": -112.4291,
        "continent": "North America",
        "country": "USA",
        "state": "Utah",
        "post": "/posts/kane-county/",
        "draft": true
    },
    {
        "name": "Anchorage Municipality",
        "lat": 61.2181,
        "lng": -149.9003,
        "continent": "North America",
        "country": "USA",
        "state": "Alaska",
        "post": "/posts/anchorage-municipality/",
        "draft": true
    },
    {
        "name": "Fairbanks North Star Borough",
        "lat": 64.8378,
        "lng": -147.7164,
        "continent": "North America",
        "country": "USA",
        "state": "Alaska",
        "post": "/posts/fairbanks-north-star-borough/",
        "draft": true
    },
      {
    "name": "Singapore",
    "lat": 1.3521,
    "lng": 103.8198,
    "continent": "Asia",
    "country": "Singapore",
    "post": "/posts/singapore/",
    "draft": true
  },
  {
    "name": "Thailand",
    "lat": 15.8700,
    "lng": 100.9925,
    "continent": "Asia",
    "country": "Thailand",
    "post": "/posts/thailand/",
    "draft": true
  },
  {
    "name": "Malaysia",
    "lat": 4.2105,
    "lng": 101.9758,
    "continent": "Asia",
    "country": "Malaysia",
    "post": "/posts/malaysia/",
    "draft": true
  },
  {
    "name": "Karnataka",
    "lat": 15.3173,
    "lng": 75.7139,
    "continent": "Asia",
    "country": "India",
    "post": "/posts/karnataka/",
    "draft": true
  },
  {
    "name": "Andhra Pradesh",
    "lat": 15.9129,
    "lng": 79.7400,
    "continent": "Asia",
    "country": "India",
    "post": "/posts/andhra-pradesh/",
    "draft": true
  },
  {
    "name": "Telangana",
    "lat": 17.9784,
    "lng": 79.5941,
    "continent": "Asia",
    "country": "India",
    "post": "/posts/telangana/",
    "draft": true
  },
  {
    "name": "Maharashtra",
    "lat": 19.7515,
    "lng": 75.7139,
    "continent": "Asia",
    "country": "India",
    "post": "/posts/maharashtra/",
    "draft": true
  },
  {
    "name": "Tamil Nadu",
    "lat": 11.1271,
    "lng": 78.6569,
    "continent": "Asia",
    "country": "India",
    "post": "/posts/tamil-nadu/",
    "draft": true
  },
  {
    "name": "New Delhi",
    "lat": 28.6139,
    "lng": 77.2090,
    "continent": "Asia",
    "country": "India",
    "post": "/posts/new-delhi/",
    "draft": true
  },
  {
    "name": "Dubai",
    "lat": 25.276987,
    "lng": 55.296249,
    "continent": "Asia",
    "country": "United Arab Emirates",
    "state": "Dubai",
    "post": "/posts/dubai/",
    "draft": true
  },
  {
    "name": "Abu Dhabi",
    "lat": 24.4539,
    "lng": 54.3773,
    "continent": "Asia",
    "country": "United Arab Emirates",
    "state": "Abu Dhabi",
    "post": "/posts/abu-dhabi/",
    "draft": true
  }
]